month_number,avg_retention_rate
0,1.0
1,0.22552492550817554
2,0.1178163435105126
3,0.10498167682766146
4,0.10056857694467615
5,0.07277791718597865
6,0.06024622164141042
7,0.04435005102630742
8,0.03258317634900659
9,0.02794091625679536
10,0.023087623897894777
11,0.016711651424650847
